{"cameraMode":{"drawMode":0,"name":"Shaded","section":"Shading Mode"},"sceneLighting":true,"audioPlay":false,"sceneViewState":{"showFog":true,"showMaterialUpdate":false,"showSkybox":true,"showFlares":true,"showImageEffects":true,"showParticleSystems":true},"in2DMode":false,"pivot":{"x":-0.6951473951339722,"y":0.7022597789764404,"z":-1.122426986694336},"rotation":{"x":-0.01736002415418625,"y":0.9779465794563294,"z":-0.18737788498401643,"w":-0.09060230851173401},"size":1.4559390544891358,"orthographic":false}