{"cameraMode":{"drawMode":0,"name":"Shaded","section":"Shading Mode"},"sceneLighting":true,"audioPlay":false,"sceneViewState":{"showFog":true,"showMaterialUpdate":false,"showSkybox":true,"showFlares":true,"showImageEffects":true,"showParticleSystems":true},"in2DMode":false,"pivot":{"x":-0.6342067718505859,"y":0.5928598642349243,"z":-0.46686601638793948},"rotation":{"x":-0.07562500238418579,"y":0.9078459739685059,"z":-0.18668754398822785,"w":-0.3677557408809662},"size":4.49424409866333,"orthographic":false}