{"cameraMode":{"drawMode":0,"name":"Shaded","section":"Shading Mode"},"sceneLighting":true,"audioPlay":false,"sceneViewState":{"showFog":true,"showMaterialUpdate":false,"showSkybox":true,"showFlares":true,"showImageEffects":true,"showParticleSystems":true},"in2DMode":false,"pivot":{"x":3.8106279373168947,"y":-5.055178642272949,"z":14.34585952758789},"rotation":{"x":-0.2864188551902771,"y":-0.3106939196586609,"z":0.09877429902553559,"w":-0.9009312987327576},"size":18.44941520690918,"orthographic":false}