{"cameraMode":{"drawMode":0,"name":"Shaded","section":"Shading Mode"},"sceneLighting":true,"audioPlay":false,"sceneViewState":{"showFog":true,"showMaterialUpdate":false,"showSkybox":true,"showFlares":true,"showImageEffects":true,"showParticleSystems":true},"in2DMode":false,"pivot":{"x":9.321822166442871,"y":-15.447870254516602,"z":28.229658126831056},"rotation":{"x":-0.14110295474529267,"y":-0.12937994301319123,"z":0.01860356330871582,"w":-0.9813280701637268},"size":87.6550521850586,"orthographic":false}